{"train/loss": 0.0012, "train/learning_rate": 3.937007874015748e-07, "train/epoch": 5.0, "train/global_step": 1135, "_timestamp": 1701038991.0408669, "_runtime": 420.5839958190918, "_step": 118, "eval/loss": 0.3353908956050873, "eval/accuracy": 0.9438325991189427, "eval/f1": 0.9518413597733711, "eval/runtime": 3.6951, "eval/samples_per_second": 245.73, "eval/steps_per_second": 1.083, "train/train_runtime": 428.7062, "train/train_samples_per_second": 42.313, "train/train_steps_per_second": 2.648, "train/total_flos": 1721500690783440.0, "train/train_loss": 0.1730779605002721}